fy,n_hospitals,n_penalized,pct_penalized,mean_reduction_pct_all,mean_reduction_pct_penalized,n_at_max,median_reduction_pct_penalized,performance_period_start,performance_period_end,max_cap_pct,n_hospitals_comparable,n_penalized_comparable,pct_penalized_comparable,mean_reduction_pct_all_comparable
2013,3500,2214,63.26,0.2658,0.4202,276,0.3300,2008-07-01,2011-06-30,1,3232,2214,68.50,0.2878
2014,3483,2225,63.88,0.2451,0.3837,18,0.2700,2009-07-01,2012-06-30,2,3214,2225,69.23,0.2656
2015,3476,2638,75.89,0.4741,0.6247,39,0.4400,2010-07-01,2013-06-30,3,3302,2638,79.89,0.4991
2016,3464,2665,76.93,0.4673,0.6075,38,0.4200,2011-07-01,2014-06-30,3,3370,2665,79.08,0.4804
2017,3448,2598,75.35,0.5501,0.7300,49,0.5200,2012-07-01,2015-06-30,3,3177,2598,81.78,0.5970
2018,3414,2634,77.15,0.5644,0.7316,48,0.5150,,,3,3327,2634,79.17,0.5792
2019,3173,2599,81.91,0.5733,0.6999,47,0.4800,2014-07-01,2017-06-30,3,3173,2599,81.91,0.5733
2020,3130,2583,82.52,0.5831,0.7066,56,0.4700,2015-07-01,2018-06-30,3,3130,2583,82.52,0.5831
2021,3080,2545,82.63,0.5684,0.6879,39,0.4600,2016-07-01,2019-06-30,3,3080,2545,82.63,0.5684
2022,3047,2500,82.05,0.5291,0.6449,39,0.4400,2017-07-01,2019-12-01,3,3047,2500,82.05,0.5291
2023,3044,2273,74.67,0.3196,0.4280,17,0.2700,2018-07-01,2021-06-30,3,3044,2273,74.67,0.3196
2024,3037,2356,77.58,0.3289,0.4239,9,0.2900,2019-07-01,2022-06-30,3,3037,2356,77.58,0.3289
2025,2980,2342,78.59,0.3219,0.4096,11,0.2700,2020-07-01,2023-06-30,3,2980,2342,78.59,0.3219
2026,2945,2304,78.23,0.3440,0.4397,15,0.3000,2021-07-01,2024-06-30,3,2945,2304,78.23,0.3440
